"1","Arua Hub","cphl-arua1@hpeprint.com","1","2014-07-14 09:06:33","samuel@trailanalytics.com"
"3","Aber Hub","cphl-aber1@hpeprint.com","7","2014-07-14 09:06:33","samuel@trailanalytics.com"
"4","Abim Hub","cphl-abim@hpeprint.com","22","2014-07-14 09:06:33","samuel@trailanalytics.com"
"5","Adjumani Hub","cphl-adjumani@hpeprint.com","1","2014-07-14 09:06:33","samuel@trailanalytics.com"
"6","Kalongo Hub","cphl-agago@hpeprint.com","7","2014-07-14 09:06:33","samuel@trailanalytics.com"
"8","Amuru Hub","cphl-amuru@hpeprint.com","7","2014-07-14 09:06:33","samuel@trailanalytics.com"
"9","Atutur Hub","cphl-atutur@hpeprint.com","1","2014-07-14 09:06:33","samuel@trailanalytics.com"
"10","Buliisa Hub","cphl-buliisa@hpeprint.com","5","2014-07-14 09:06:33","samuel@trailanalytics.com"
"11","Bushenyi Hub","cphl-busheyi@hpeprint.com","13","2014-07-14 09:06:33","samuel@trailanalytics.com"
"12","Buyinja Hub","cphl-buyinja@hpeprint.com","2","2014-07-14 09:06:33","samuel@trailanalytics.com"
"14","Entebbe Hub","cphl-entebbe@hpeprint.com","3","2014-07-14 09:06:33","samuel@trailanalytics.com"
"15","Fort Portal Hub","cphl-fortportal@hpeprint.com","1","2014-07-14 09:06:33","samuel@trailanalytics.com"
"16","Gombe Hub","cphl-gombe@hpeprint.com","3","2014-07-14 09:06:33","samuel@trailanalytics.com"
"17","Gulu Hub","cphl-gulu@hpeprint.com","7","2014-07-14 09:06:33","samuel@trailanalytics.com"
"18","Hoima Hub","cphl-hoima@hpeprint.com","5","2014-07-14 09:06:33","samuel@trailanalytics.com"
"19","Iganga Hub","cphl-iganga@hpeprint.com","2","2014-07-14 09:06:33","samuel@trailanalytics.com"
"20","Itojo Hub","cphl-itojo@hpeprint.com","13","2014-07-14 09:06:33","samuel@trailanalytics.com"
"21","Jinja Hub","cphl-jinja@hpeprint.com","12","2014-07-14 09:06:33","samuel@trailanalytics.com"
"22","Kaabong Hub","cphl-kaabongo@hpeprint.com","16","2014-07-14 09:06:33","samuel@trailanalytics.com"
"23","Kabale Hub","cphl-kabale@hpeprint.com","13","2014-07-14 09:06:33","samuel@trailanalytics.com"
"24","Kagadi Hub","cphl-kagadi@hpeprint.com","5","2014-07-14 09:06:33","samuel@trailanalytics.com"
"25","Kagando Hub","cphl-kagando@hpeprint.com","1","2014-07-14 09:06:33","samuel@trailanalytics.com"
"26","CPHL Hub","cphl-kampala@hpeprint.com","0","2014-07-14 09:06:33","samuel@trailanalytics.com"
"27","Kanungu Hub","cphl-kanungu@hpeprint.com","13","2014-07-14 09:06:33","samuel@trailanalytics.com"
"28","Kassanda Hub","cphl-kassanda@hpeprint.com","3","2014-07-14 09:06:33","samuel@trailanalytics.com"
"29","Kawolo Hub","cphl-kawalo@hpeprint.com","3","2014-07-14 09:06:33","samuel@trailanalytics.com"
"30","Kayunga Hub","cphl-kayunga1@hpeprint.com","15","2014-07-14 09:06:33","samuel@trailanalytics.com"
"31","Kidera Hub","cphl-kidera@hpeprint.com","2","2014-07-14 09:06:33","samuel@trailanalytics.com"
"32","Kiryandongo Hub","cphl-kiryadongo@hpeprint.com","5","2014-07-14 09:06:33","samuel@trailanalytics.com"
"33","Kisoro Hub","cphl-kisoro@hpeprint.com","13","2014-07-14 09:06:33","samuel@trailanalytics.com"
"34","Kitagata Hub","cphl-kitagata@hpeprint.com","13","2014-07-14 09:06:33","samuel@trailanalytics.com"
"35","Kotido Hub","cphl-kotido@hpeprint.com","16","2014-07-14 09:06:33","samuel@trailanalytics.com"
"36","Lira Hub","cphl-lira@hpeprint.com","7","2014-07-14 09:06:33","samuel@trailanalytics.com"
"37","Luwero Hub","cphl-luwero@hpeprint.com","3","2014-07-14 09:06:33","samuel@trailanalytics.com"
"38","Lwala Hub","cphl-lwala@hpeprint.com","0","2014-07-14 09:06:33","samuel@trailanalytics.com"
"39","Lyantonde Hub","cphl-lyantonde@hpeprint.com","3","2014-07-14 09:06:33","samuel@trailanalytics.com"
"41","Masaka Hub","cphl-masaka@hpeprint.com","3","2014-07-14 09:06:33","samuel@trailanalytics.com"
"42","Masindi Hub","cphl-masindi@hpeprint.com","5","2014-07-14 09:06:33","samuel@trailanalytics.com"
"43","Mbale Hub","cphl-mbale@hpeprint.com","9","2014-07-14 09:06:33","samuel@trailanalytics.com"
"44","Mbarara Hub","cphl-mbarara@hpeprint.com","12","2014-07-14 09:06:33","samuel@trailanalytics.com"
"45","Mitooma Hub","cphl-mitooma@hpeprint.com","13","2014-07-14 09:06:33","samuel@trailanalytics.com"
"46","Mityana Hub","cphl-mityana@hpeprint.com","3","2014-07-14 09:06:33","samuel@trailanalytics.com"
"47","Moyo Hub","cphl-moyo@hpeprint.com","1","2014-07-14 09:06:33","samuel@trailanalytics.com"
"48","Mubende Hub","cphlmubende@hpeprint.com","3","2014-07-14 09:06:33","samuel@trailanalytics.com"
"49","Nakasongola Hub","cphl-nakasongora@hpeprint.com","3","2014-07-14 09:06:33","samuel@trailanalytics.com"
"50","Nebbi Hub","cphl-nebbi@hpeprint.com","1","2014-07-14 09:06:33","samuel@trailanalytics.com"
"51","Ngoma Hub","cphl-ngoma@hpeprint.com","3","2014-07-14 09:06:33","samuel@trailanalytics.com"
"52","Nsiika Hub","cphl-nsiika@hpeprint.com","13","2014-07-14 09:06:33","samuel@trailanalytics.com"
"53","Nwoya Hub","cphl-nwoya@hpeprint.com","0","2014-07-14 09:06:33","samuel@trailanalytics.com"
"54","Nyakibale Hub","cphl-nyakibale@hpeprint.com","13","2014-07-14 09:06:33","samuel@trailanalytics.com"
"55","Rakai Hub","cphl-rakai@hpeprint.com","8","2014-07-14 09:06:33","samuel@trailanalytics.com"
"56","Rugazi Hub","cphl-rugazi@hpeprint.com","13","2014-07-14 09:06:33","samuel@trailanalytics.com"
"57","Ruhoko Hub","cphl-ruhoko@hpeprint.com","13","2014-07-14 09:06:33","samuel@trailanalytics.com"
"58","Rushere Hub","cphl-rushere@hpeprint.com","13","2014-07-14 09:06:33","samuel@trailanalytics.com"
"59","Rwekubo Hub","cphl-rwekubo@hpeprint.com","13","2014-07-14 09:06:33","samuel@trailanalytics.com"
"60","Serere Hub","cphl-serere@hpeprint.com","1","2014-07-14 09:06:33","samuel@trailanalytics.com"
"61","Soroti Hub","cphl-soroti@hpeprint.com","12","2014-07-14 09:06:33","samuel@trailanalytics.com"
"62","Sembabule Hub","cphl-ssembabule@hpeprint.com","3","2014-07-14 09:06:33","samuel@trailanalytics.com"
"64","Tokora Hub","cphl-tokora@hpeprint.com","16","2014-07-14 09:06:33","samuel@trailanalytics.com"
"65","Tororo Hub","cphl-tororo@hpeprint.com","10","2014-07-14 09:06:33","samuel@trailanalytics.com"
"66","Yumbe Hub","cphl-yumbe@hpeprint.com","1","2014-07-14 09:06:33","samuel@trailanalytics.com"
"67","Kamuli Hub","cpul-kamuli@hpeprint.com","2","2014-07-14 09:06:33","samuel@trailanalytics.com"
"68","Kapchorwa Hub","cphl-kapchorwa@hpeprint.com","9","2014-07-14 09:06:33","samuel@trailanalytics.com"
"69","Kampala Hub","cphl-kampala@hpeprint.com","4","2014-07-14 09:06:33","samuel@trailanalytics.com"
"70","Kitgum Hub","cphl-kitgum@hpeprint.com","7","2014-07-14 09:06:33","samuel@trailanalytics.com"
"71","Dokolo Hub","cphl-dokolo@hpeprint.com","7","2014-07-14 09:06:33","samuel@trailanalytics.com"
"72","Amolatar Hub","cphl-amolator@hpeprint.com","7","2014-07-14 09:06:33","samuel@trailanalytics.com"
"73","Anaka Hub","cphl-anaka@hpeprint.com","7","2014-07-14 09:06:33","samuel@trailanalytics.com"
"74","Bumanya Hub","cphl-bumanya@hpeprint.com","27","2014-07-14 09:06:33","samuel@trailanalytics.com"
"75","Madi-Opei Hub","cphl-madiopei@hpeprint.com","7","2014-07-14 09:06:33","samuel@trailanalytics.com"
"76","Masafu Hub","cphl-masafu@hpeprint.com","9","2014-07-14 09:06:33","samuel@trailanalytics.com"
"79","Pallisa Hub","cphl-palisa@hpeprint.com","9","2014-07-14 09:06:33","samuel@trailanalytics.com"
"80","Amuria Hub",,"0","2014-10-22 10:49:12","pronam2000@gmail.com"
"81","Moroto Hub",,"16","2015-03-04 10:11:19","joseph.kibirige@yahoo.com"
"82","Bundibugyo Hub",,"1","2015-03-19 19:15:37","joseph.kibirige@yahoo.com"
"83","Kyenjojo Hub",,"1","2015-03-19 19:27:30","joseph.kibirige@yahoo.com"
"84","Bugiri Hub",,"2","2015-08-07 11:04:22","joseph.kibirige@yahoo.com"
"85","Atiak Hub",,"7","2015-08-11 08:40:08","joseph.kibirige@yahoo.com"
"87","Kiboga Hub",,"17","2015-08-25 14:27:10","joseph.kibirige@yahoo.com"
"89","Kalongo Hub",,"0","2015-09-09 10:37:57","joseph.kibirige@yahoo.com"
"90","Kakindo Hub",,"5","2015-09-17 15:51:43","joseph.kibirige@yahoo.com"
"91","Self Pick",,"0","2015-09-18 09:20:22","joseph.kibirige@yahoo.com"
"92","Katakwi Hub",,"0","2015-09-22 12:32:21","joseph.kibirige@yahoo.com"
"93","None Hub",,"0","2015-10-02 09:25:46","joseph.kibirige@yahoo.com"
"95","Facility Left Blank",,"28","2015-12-06 19:08:14","admin: samuel@trailanalytics.com"
"96","Agago Hub",,"7","2015-12-06 19:08:14","admin: samuel@trailanalytics.com"
"97","No Hub",,"3","2015-12-06 19:08:22","admin: samuel@trailanalytics.com"
"99","Buvuma Hub",,"15","2015-12-06 19:08:22","admin: samuel@trailanalytics.com"
"101","Kilembe Mines Hub",,"4","2015-12-06 19:08:14","admin: samuel@trailanalytics.com"
"103","Kalangala Hub",,"27","2015-12-06 19:08:14","admin: samuel@trailanalytics.com"
"104","Kyegegwa Hub",,"0","2016-01-18 17:54:51","joseph.kibirige@yahoo.com"
"105","Butenga Hub",,"0","2016-01-22 13:39:51","joseph.kibirige@yahoo.com"
"106","Rukunyu Hub",,"0","2016-01-29 14:15:44","joseph.kibirige@yahoo.com"
"107","Kaberamaido Hub",,"0","2016-03-04 16:54:09","miriamnabukenya@yahoo.com"
"108","Kamwenge",,"0","2016-03-18 17:51:11","joseph.kibirige@yahoo.com"
"109","Apac Hub",,"0","2016-04-08 11:13:08","joseph.kibirige@yahoo.com"
"110","Warr Hub",,"0","2016-04-11 16:50:09","miriamnabukenya@yahoo.com"
"111","Lalogi Hub",,"0","2016-04-20 10:22:13","joseph.kibirige@yahoo.com"
"112","Ngora Hub",,"0","2016-05-03 08:10:22","miriamnabukenya@yahoo.com"
"113","Busolwe Hub",,"0","2016-05-03 11:42:24","miriamnabukenya@yahoo.com"
"114","Matany Hub",,"0","2016-05-04 10:17:56","miriamnabukenya@yahoo.com"
"115","Budadiri Hub",,"0","2016-05-27 10:05:12","miriamnabukenya@yahoo.com"
"116","Alebtong Hub",,"0","2016-05-30 15:25:49","miriamnabukenya@yahoo.com"
"117","Namokora Hub",,"0","2016-05-31 11:06:24","miriamnabukenya@yahoo.com"
"118","Pajule Hub",,"0","2016-05-31 11:18:29","miriamnabukenya@yahoo.com"
"119","Koboko Hub",,"0","2016-05-31 14:33:04","miriamnabukenya@yahoo.com"
"120","Ntwetwe Hub",,"0","2016-06-01 16:06:10","joseph.kibirige@yahoo.com"
